{"cameraMode":{"drawMode":0,"name":"Shaded","section":"Shading Mode"},"sceneLighting":false,"audioPlay":false,"sceneViewState":{"showFog":true,"showMaterialUpdate":false,"showSkybox":true,"showFlares":true,"showImageEffects":true,"showParticleSystems":true},"in2DMode":false,"pivot":{"x":811.8992309570313,"y":272.07501220703127,"z":0.009437321685254574},"rotation":{"x":-0.17785240709781648,"y":0.009441959671676159,"z":-0.0017099477117881179,"w":-0.9840239882469177},"size":682.3428344726563,"orthographic":false}