{"cameraMode":{"drawMode":0,"name":"Shaded","section":"Shading Mode"},"sceneLighting":false,"audioPlay":false,"sceneViewState":{"showFog":true,"showMaterialUpdate":false,"showSkybox":true,"showFlares":true,"showImageEffects":true,"showParticleSystems":true},"in2DMode":false,"pivot":{"x":183.69525146484376,"y":274.73724365234377,"z":0.0},"rotation":{"x":-0.17783373594284059,"y":-0.01712690107524395,"z":0.00309210573323071,"w":-0.9839199781417847},"size":1121.072021484375,"orthographic":false}