{"cameraMode":{"drawMode":0,"name":"Shaded","section":"Shading Mode"},"sceneLighting":true,"audioPlay":false,"sceneViewState":{"showFog":true,"showMaterialUpdate":false,"showSkybox":true,"showFlares":true,"showImageEffects":true,"showParticleSystems":true},"in2DMode":false,"pivot":{"x":7.40362548828125,"y":2.4589264392852785,"z":0.46552523970603945},"rotation":{"x":0.030227476730942727,"y":-0.9424529671669006,"z":0.320929616689682,"w":0.08876378834247589},"size":6.1792988777160648,"orthographic":false}