{"cameraMode":{"drawMode":0,"name":"Shaded","section":"Shading Mode"},"sceneLighting":true,"audioPlay":false,"sceneViewState":{"showFog":true,"showMaterialUpdate":false,"showSkybox":true,"showFlares":true,"showImageEffects":true,"showParticleSystems":true},"in2DMode":false,"pivot":{"x":211.42489624023438,"y":48.43305206298828,"z":0.0},"rotation":{"x":-0.022188352420926095,"y":0.0024107119534164669,"z":0.00004597456063493155,"w":0.999761700630188},"size":171.23667907714845,"orthographic":false}