{"cameraMode":{"drawMode":0,"name":"Shaded","section":"Shading Mode"},"sceneLighting":false,"audioPlay":false,"sceneViewState":{"showFog":true,"showMaterialUpdate":false,"showSkybox":true,"showFlares":true,"showImageEffects":true,"showParticleSystems":true},"in2DMode":false,"pivot":{"x":2.852219581604004,"y":1.8870528936386109,"z":3.036768674850464},"rotation":{"x":0.17776113748550416,"y":0.7889986038208008,"z":-0.2678894102573395,"w":0.5235927700996399},"size":3.7291977405548097,"orthographic":false}