{"cameraMode":{"drawMode":0,"name":"Shaded","section":"Shading Mode"},"sceneLighting":false,"audioPlay":false,"sceneViewState":{"showFog":true,"showMaterialUpdate":false,"showSkybox":true,"showFlares":true,"showImageEffects":true,"showParticleSystems":true},"in2DMode":false,"pivot":{"x":0.08952973783016205,"y":-0.47573497891426089,"z":-0.09641410410404206},"rotation":{"x":0.5984211564064026,"y":0.036745585501194,"z":-0.027498112991452218,"w":0.7998782992362976},"size":2.9928290843963625,"orthographic":false}