{"cameraMode":{"drawMode":0,"name":"Shaded","section":"Shading Mode"},"sceneLighting":true,"audioPlay":false,"sceneViewState":{"showFog":true,"showMaterialUpdate":false,"showSkybox":true,"showFlares":true,"showImageEffects":true,"showParticleSystems":true},"in2DMode":false,"pivot":{"x":18.522024154663087,"y":5.431488037109375,"z":10.875574111938477},"rotation":{"x":-0.28519243001937868,"y":-0.06119771674275398,"z":0.01826462894678116,"w":-0.9563616514205933},"size":58.99815368652344,"orthographic":false}