{"cameraMode":{"drawMode":0,"name":"Shaded","section":"Shading Mode"},"sceneLighting":false,"audioPlay":false,"sceneViewState":{"showFog":true,"showMaterialUpdate":false,"showSkybox":true,"showFlares":true,"showImageEffects":true,"showParticleSystems":true},"in2DMode":false,"pivot":{"x":0.0,"y":0.017000004649162294,"z":-0.0009999871253967286},"rotation":{"x":0.5984211564064026,"y":0.036745585501194,"z":-0.027498112991452218,"w":0.7998782992362976},"size":1.9523063898086548,"orthographic":false}