{"cameraMode":{"drawMode":0,"name":"Shaded","section":"Shading Mode"},"sceneLighting":false,"audioPlay":false,"sceneViewState":{"showFog":true,"showMaterialUpdate":false,"showSkybox":true,"showFlares":true,"showImageEffects":true,"showParticleSystems":true},"in2DMode":false,"pivot":{"x":4.710968971252441,"y":1.5691637992858887,"z":0.05199112743139267},"rotation":{"x":0.01522529311478138,"y":-0.9571055173873901,"z":0.28478917479515078,"w":0.05116461217403412},"size":1.7147306203842164,"orthographic":false}