{"cameraMode":{"drawMode":0,"name":"Shaded","section":"Shading Mode"},"sceneLighting":true,"audioPlay":false,"sceneViewState":{"showFog":true,"showMaterialUpdate":false,"showSkybox":true,"showFlares":true,"showImageEffects":true,"showParticleSystems":true},"in2DMode":false,"pivot":{"x":6.1705193519592289,"y":0.4604690670967102,"z":1.0477782487869263},"rotation":{"x":0.32662084698677065,"y":0.1349126100540161,"z":-0.04717167094349861,"w":0.934298574924469},"size":4.744335174560547,"orthographic":false}
